﻿pos_x,pos_y,rotation,side,designator,mpn,pack,footprint,value,mount_type
189.2625,-124.85,-90.0,top,D1,,,LED_0805_2012Metric_Pad1.15x1.40mm_HandSolder,5V OK,smt
192.7625,-124.85,-90.0,top,D2,,,LED_0805_2012Metric_Pad1.15x1.40mm_HandSolder,12V OK,smt
196.7625,-124.85,-90.0,top,D3,,,LED_0805_2012Metric_Pad1.15x1.40mm_HandSolder,-12V OK,smt
200.2625,-124.85,90.0,top,D4,,,LED_0805_2012Metric_Pad1.15x1.40mm_HandSolder,PRSNT,smt
42.7625,-45.05,0.0,top,D5,,,WL-SMRD_1205,LED (Red),smt
42.7625,-48.55,0.0,top,D6,,,WL-SMRD_1205,LED (Yellow),smt
42.7625,-52.05,0.0,top,D7,,,WL-SMRD_1205,LED (Green),smt
42.7625,-55.55,0.0,top,D8,,,WL-SMRD_1205,LED (Blue),smt
213.2625,-52.05,0.0,top,J10,,,SMD_STEREO_CUI_SJ-3524-SMT_Horizontal,Stereo Jack - SMD HZ,smt
132.0431,-105.380501,-90.0,top,J11,,,AMPHENOL_SFV30R-4STE1HLF - FFC - 30 RA,EXT_INTERFACE_1,smt
41.0125,-61.6125,180.0,bottom,J12,,,AMPHENOL_F33B-1A7Q1-E8C08,FRONT PANEL MAGIC,smt
132.0431,-126.630501,-90.0,top,J14,,,AMPHENOL_SFV30R-4STE1HLF - FFC - 30 RA,Daughter,smt
203.3625,-130.51,180.0,top,J2,,,EURORACK Right Angle,OPT EURO,tht
221.7625,-110.85,0.0,top,J4,1-0401FBV0T,,PinHeader_1x04_P2.54mm_Vertical,USB,tht
213.1125,-130.05,0.0,top,J5,,,AMPHENOL_F33B-1A7Q1-E8C08,Audio In,smt
220.6125,-130.05,0.0,top,J6,,,AMPHENOL_F33B-1A7Q1-E8C08,Audio Out,smt
214.2625,-115.35,90.0,top,J7,,,CONN_BM03B-SRSS-TBLFSN_JST,UART,smt
219.1825,-96.77,0.0,top,J8,,,PinHeader_2x04_P2.54mm_Vertical,I2C,tht
200.7625,-52.05,0.0,top,J9,,,SMD_STEREO_CUI_SJ-3524-SMT_Horizontal,Stereo Jack - SMD HZ,smt
189.2625,-124.85,90.0,bottom,R1,,,R_0805_2012Metric_Pad1.20x1.40mm_HandSolder,150,smt
192.7625,-124.85,90.0,bottom,R2,,,R_0805_2012Metric_Pad1.20x1.40mm_HandSolder,500,smt
196.7625,-124.85,90.0,bottom,R3,,,R_0805_2012Metric_Pad1.20x1.40mm_HandSolder,500,smt
200.2625,-124.85,-90.0,bottom,R4,,,R_0805_2012Metric_Pad1.20x1.40mm_HandSolder,150,smt
38.7625,-45.05,0.0,bottom,R5,,,R_0805_2012Metric_Pad1.20x1.40mm_HandSolder,150R,smt
38.7625,-48.55,0.0,bottom,R6,,,R_0805_2012Metric_Pad1.20x1.40mm_HandSolder,150R,smt
38.7625,-52.05,0.0,bottom,R7,,,R_0805_2012Metric_Pad1.20x1.40mm_HandSolder,150R,smt
38.7625,-55.55,0.0,bottom,R8,,,R_0805_2012Metric_Pad1.20x1.40mm_HandSolder,100R,smt
138.7625,-50.85,90.0,top,RV1,,,Potentiometer_Bourns_PTV09A-2_Single_Horizontal,PTV09 Pot HZ,tht
156.2375,-50.8,90.0,top,RV2,,,Potentiometer_Bourns_PTV09A-2_Single_Horizontal,PTV09 Pot HZ,tht
173.2375,-50.8,90.0,top,RV3,,,Potentiometer_Bourns_PTV09A-2_Single_Horizontal,PTV09 Pot HZ,tht
191.224,-65.36,180.0,top,SW1,,,DPDT Micro SW_1825138-7,Micro Toggle,tht
