﻿Designator,Quantity,Value,Footprint,Package,MPN,DNP,Mount_Type,Description,Spec,Field5,Specifications,Manufacturer,PARTREV,STANDARD,MANUFACTURER
D1,1,5V OK,LED_0805_2012Metric_Pad1.15x1.40mm_HandSolder,,,,smt,Light emitting diode,0805 - 2 Vf 20ma If,,,,,,
D2,1,12V OK,LED_0805_2012Metric_Pad1.15x1.40mm_HandSolder,,,,smt,Light emitting diode,0805 - 2 Vf 20ma If,,,,,,
D3,1,-12V OK,LED_0805_2012Metric_Pad1.15x1.40mm_HandSolder,,,,smt,Light emitting diode,0805 - 2 Vf 20ma If,,,,,,
D4,1,PRSNT,LED_0805_2012Metric_Pad1.15x1.40mm_HandSolder,,,,smt,Light emitting diode,0805 - 2 Vf 20ma If,,,,,,
D5,1,LED (Red),WL-SMRD_1205,,,,smt,Light emitting diode,,156125RS57000,,,,,
D6,1,LED (Yellow),WL-SMRD_1205,,,,smt,Light emitting diode,,156125YS57000,,,,,
D7,1,LED (Green),WL-SMRD_1205,,,,smt,Light emitting diode,,156125VS57000,,,,,
D8,1,LED (Blue),WL-SMRD_1205,,,,smt,Light emitting diode,,156125BS57000,,,,,
"J10, J9",2,Stereo Jack - SMD HZ,SMD_STEREO_CUI_SJ-3524-SMT_Horizontal,,,,smt,"Audio Jack, 3 Poles (Stereo / TRS), Switched T Pole (Normalling)",,,,,,,
J11,1,EXT_INTERFACE_1,AMPHENOL_SFV30R-4STE1HLF - FFC - 30 RA,,,,smt,"Generic connector, single row, 01x30, script generated (kicad-library-utils/schlib/autogen/connector/)",,,,,,,
J12,1,FRONT PANEL MAGIC,AMPHENOL_F33B-1A7Q1-E8C08,,,,smt,"Generic connector, single row, 01x10, script generated (kicad-library-utils/schlib/autogen/connector/)",,,,,,,
J14,1,Daughter,AMPHENOL_SFV30R-4STE1HLF - FFC - 30 RA,,,,smt,"Generic connector, single row, 01x30, script generated (kicad-library-utils/schlib/autogen/connector/)",,,,,,,
J2,1,OPT EURO,EURORACK Right Angle,,,,tht,"Generic connector, double row, 02x08, odd/even pin numbering scheme (row 1 odd numbers, row 2 even numbers), script generated (kicad-library-utils/schlib/autogen/connector/)",,,,,,,
J4,1,USB,PinHeader_1x04_P2.54mm_Vertical,,1-0401FBV0T,,tht,HEADER 1x4 MALE PINS 0.100” 180deg,,,HEADER 1x4 MALE PINS 0.100” 180deg,TAD,,,
J5,1,Audio In,AMPHENOL_F33B-1A7Q1-E8C08,,,,smt,"Generic connector, single row, 01x08, script generated (kicad-library-utils/schlib/autogen/connector/)",,,,,,,
J6,1,Audio Out,AMPHENOL_F33B-1A7Q1-E8C08,,,,smt,"Generic connector, single row, 01x08, script generated (kicad-library-utils/schlib/autogen/connector/)",,,,,,,
J7,1,UART,CONN_BM03B-SRSS-TBLFSN_JST,,,,smt,,,,,,,,
J8,1,I2C,PinHeader_2x04_P2.54mm_Vertical,,,,tht,"Generic connector, double row, 02x04, odd/even pin numbering scheme (row 1 odd numbers, row 2 even numbers), script generated (kicad-library-utils/schlib/autogen/connector/)",,,,,,,
"R1, R4",2,150,R_0805_2012Metric_Pad1.20x1.40mm_HandSolder,,,,smt,Resistor,,,,,,,
"R2, R3",2,500,R_0805_2012Metric_Pad1.20x1.40mm_HandSolder,,,,smt,Resistor,,,,,,,
"R5, R6, R7",3,150R,R_0805_2012Metric_Pad1.20x1.40mm_HandSolder,,,,smt,Resistor,,"+5v, Use 500R for +12",,,,,
R8,1,100R,R_0805_2012Metric_Pad1.20x1.40mm_HandSolder,,,,smt,Resistor,,"~90R +5v, Use ~440R for +12",,,,,
"RV1, RV2, RV3",3,PTV09 Pot HZ,Potentiometer_Bourns_PTV09A-2_Single_Horizontal,,,,tht,Potentiometer,,,,,,,
SW1,1,Micro Toggle,DPDT Micro SW_1825138-7,,,,tht,TE Part,,,,,A5,Manufacturer recommendations,TE Connectivity
